{"cameraMode":{"drawMode":0,"name":"Shaded","section":"Shading Mode"},"sceneLighting":false,"audioPlay":false,"sceneViewState":{"m_AlwaysRefresh":false,"showFog":true,"showSkybox":false,"showFlares":true,"showImageEffects":true,"showParticleSystems":true,"showVisualEffectGraphs":true,"m_FxEnabled":true},"in2DMode":false,"pivot":{"x":2.620305061340332,"y":0.8783388733863831,"z":1.284016489982605},"rotation":{"x":-0.09175283461809159,"y":-0.1732555478811264,"z":0.016213765367865564,"w":-0.9804621338844299},"size":3.7884671688079836,"orthographic":false}